{"cameraMode":{"drawMode":0,"name":"Shaded","section":"Shading Mode"},"sceneLighting":false,"audioPlay":false,"sceneViewState":{"m_AlwaysRefresh":false,"showFog":true,"showSkybox":false,"showFlares":true,"showImageEffects":true,"showParticleSystems":true,"showVisualEffectGraphs":true,"m_FxEnabled":true},"in2DMode":false,"pivot":{"x":-0.8774778246879578,"y":4.043221950531006,"z":-4.229043006896973},"rotation":{"x":-0.4818865954875946,"y":-0.002105715684592724,"z":0.001158398576080799,"w":-0.8762263655662537},"size":0.8106541633605957,"orthographic":false}