{"cameraMode":{"drawMode":0,"name":"Shaded","section":"Shading Mode"},"sceneLighting":false,"audioPlay":false,"sceneViewState":{"m_AlwaysRefresh":false,"showFog":true,"showSkybox":false,"showFlares":true,"showImageEffects":true,"showParticleSystems":true,"showVisualEffectGraphs":true,"m_FxEnabled":true},"in2DMode":false,"pivot":{"x":-0.3708478808403015,"y":-0.33974581956863406,"z":-0.3377678394317627},"rotation":{"x":0.012785856612026692,"y":0.9718509912490845,"z":-0.22889550030231477,"w":0.054286547005176547},"size":0.96802818775177,"orthographic":false}