{"cameraMode":{"drawMode":0,"name":"Shaded","section":"Shading Mode"},"sceneLighting":false,"audioPlay":false,"sceneViewState":{"m_AlwaysRefresh":false,"showFog":true,"showSkybox":false,"showFlares":true,"showImageEffects":true,"showParticleSystems":true,"showVisualEffectGraphs":true,"m_FxEnabled":true},"in2DMode":false,"pivot":{"x":-0.8107997179031372,"y":0.18882247805595399,"z":-0.7832677364349365},"rotation":{"x":-0.3107416033744812,"y":-0.06779196113348007,"z":0.022225558757781984,"w":-0.9478089809417725},"size":0.9517199993133545,"orthographic":false}