{"cameraMode":{"drawMode":0,"name":"Shaded","section":"Shading Mode"},"sceneLighting":false,"audioPlay":false,"sceneViewState":{"m_AlwaysRefresh":false,"showFog":true,"showSkybox":false,"showFlares":true,"showImageEffects":true,"showParticleSystems":true,"showVisualEffectGraphs":true,"m_FxEnabled":true},"in2DMode":false,"pivot":{"x":0.4568016529083252,"y":0.830787181854248,"z":-1.9322147369384766},"rotation":{"x":0.39332810044288638,"y":0.1254536658525467,"z":-0.05428289622068405,"w":0.9091662168502808},"size":2.9159047603607179,"orthographic":false}