{"cameraMode":{"drawMode":0,"name":"Shaded","section":"Shading Mode"},"sceneLighting":true,"audioPlay":false,"sceneViewState":{"m_AlwaysRefresh":false,"showFog":true,"showSkybox":true,"showFlares":true,"showImageEffects":true,"showParticleSystems":true,"showVisualEffectGraphs":true,"m_FxEnabled":true},"in2DMode":false,"pivot":{"x":-1.7383795976638795,"y":-5.4460320472717289,"z":0.05098919942975044},"rotation":{"x":-0.3705695569515228,"y":0.6187365055084229,"z":-0.41142696142196658,"w":-0.5572937726974487},"size":3.571589231491089,"orthographic":false}